Area,Location,Rent (S$/month),Headline,Link
East Singapore,Bedok,650,"Chai Chee, Blk 55, Common Room with Wi-Fi, air con and Furnished. Can do cooking.",https://sg.roomz.asia/2781
East Singapore,Bedok,200,High Quality Fast delivery PMK OIL cas 28578-16-7 ,https://sg.roomz.asia/2647
East Singapore,Bedok,1500,Master room for rent at 460540 with private ğŸ›bathroom,https://sg.roomz.asia/2642
East Singapore,Simei,650,Master & Common Room available rent out in 1st Aug onwards ,https://sg.roomz.asia/2461
East Singapore,Bedok,650,Single room for rent female only,https://sg.roomz.asia/2406
East Singapore,Pasir Ris,1150,Middle room for rent at Avila Gardens,https://sg.roomz.asia/2393
East Singapore,Tampines,1500,Master room for rent at Tampines East MRT Station (DT33) with private ğŸ›bathroom,https://sg.roomz.asia/2353
East Singapore,Bedok,900,Single room for rent at 744 Bedok Reservoir Rd,https://sg.roomz.asia/2344
East Singapore,Bedok,800,Single room for rent at 460421,https://sg.roomz.asia/2305
East Singapore,Pasir Ris,1000,Pasir ris Livia condo common for rent,https://sg.roomz.asia/2291
East Singapore,Pasir Ris,1100,Single room for rent at  prefer  ğŸ‘©female,https://sg.roomz.asia/2285
East Singapore,Pasir Ris,850,Single room for rent at 509399 prefer  ğŸ‘©female,https://sg.roomz.asia/2274
East Singapore,Pasir Ris,1100,No Owner Common Rm at Flora Rd,https://sg.roomz.asia/2229
East Singapore,Pasir Ris,1100,No Owner Common Room for Rent at Flora Road,https://sg.roomz.asia/2228
East Singapore,Tampines,900,Single room for rent at Blk 272 Tampines,https://sg.roomz.asia/2220
East Singapore,Pasir Ris,700,Furnished HDB Common Room For Singapore Tenant Rental @ Pasir Ris Dr 1 Blk 639,https://sg.roomz.asia/2201
East Singapore,Pasir Ris,420,Spacious HDB Common Room Share ğŸ›ï¸@ Pasir Ris Dr 1 Blk 639 (To Share With Another Female Room Tenant ğŸ‘©),https://sg.roomz.asia/2200
East Singapore,Bedok,1000,Middle room for rent at Chai Chee Road,https://sg.roomz.asia/2199
East Singapore,Pasir Ris,1000,Master room for rent at 510549 with private ğŸ›bathroom,https://sg.roomz.asia/2153
North Singapore,Yishun,800,"Single room for rent in Yishun, Prefer  ğŸ‘©female ğŸ“student or working professionals",https://sg.roomz.asia/2780
North Singapore,Yishun,650,"Yishun, Blk 158(5min walk to Yishun MRT) Common Room with Wi-Fi and Furnished. (No cooking and air con)",https://sg.roomz.asia/2766
North Singapore,Woodlands,800,"Woodlands, Blk 726(near to Admiralty MRT) Common Room with Wi-Fi, Air Con and Furnished.",https://sg.roomz.asia/2765
North Singapore,Sembawang,1000,Single room for rent at Seletaris Condominium,https://sg.roomz.asia/2758
North Singapore,Woodlands,850,Single room for rent at Woodlands Circle prefer  ğŸ‘©female,https://sg.roomz.asia/2757
North Singapore,Woodlands,750,Spacious Common Room @ Woodlands Dr 60 & Ave 9 for Rent (No agent/No Fee),https://sg.roomz.asia/2751
North Singapore,Sembawang,400,"Sembawang, Blk 335(near to MRT) Master Room attach toilet with Wi-Fi and Furnished. (no cooking and air con)",https://sg.roomz.asia/2744
North Singapore,Sembawang,700,"Sembawang, Blk 300(near to MRT) Common Room with Wi-Fi, Air Con and Furnished.",https://sg.roomz.asia/2736
North Singapore,Woodlands,850,Master room for rent at 730034 with private ğŸ›bathroom,https://sg.roomz.asia/2711
North Singapore,Woodlands,650,Common Bedroom for Rent at Blk 724 Woodlands Ave 6,https://sg.roomz.asia/2688
North Singapore,Woodlands,800,Studio room for rent at Woodlands with private ğŸ›bathroom,https://sg.roomz.asia/2669
North Singapore,Woodlands,600,Master room for rent at 576 Woodlands Drive 16 with private ğŸ›bathroom,https://sg.roomz.asia/2620
North Singapore,Yishun,800,Single room for rent at 760210 prefer  ğŸ‘©female,https://sg.roomz.asia/2597
North Singapore,Woodlands,1000,Single room for rent at Woodlands Drive 16 prefer  ğŸ‘©female,https://sg.roomz.asia/2485
North Singapore,Woodlands,1150,*~Master Bedroom for rent in Marsiling near Marsiling MRT Station~*,https://sg.roomz.asia/2272
North Singapore,Sembawang,800,Middle room for rent at 751468 prefer  ğŸ‘©female,https://sg.roomz.asia/2478
North Singapore,Yishun,800,Single room for rent at 760174,https://sg.roomz.asia/2477
North Singapore,Woodlands,1000,Single room for rent at 732786 prefer  ğŸ‘©female,https://sg.roomz.asia/2475
North Singapore,Yishun,650,Single room for rent at 136 Yishun Ring Rd with private ğŸ›bathroom,https://sg.roomz.asia/2447
North Singapore,Sembawang,1100,"Common room @ Seletaris Condo @ block 501, Sembawang Road For Rental:",https://sg.roomz.asia/2456
North Singapore,Marsiling,1200,Master room for rent at 730022 with private ğŸ›bathroom prefer  ğŸ‘©female,https://sg.roomz.asia/2414
North Singapore,Sembawang,900,Middle room for rent at 751588,https://sg.roomz.asia/2409
North Singapore,Sembawang,900,Middle room for rent at 751588,https://sg.roomz.asia/2410
North Singapore,Woodlands,800,Single room for rent at Woodlands Street 41,https://sg.roomz.asia/2408
North Singapore,Woodlands,450,ğŸ›ï¸Shared room for rent at Woodlands Ring Road prefer  ğŸ‘©female,https://sg.roomz.asia/2401
North Singapore,Yishun,375,Looking for male roommate for master room for rent in 760331 with private ğŸ›bathroom,https://sg.roomz.asia/2365
North Singapore,Woodlands,750,Middle room for rent at Woodhaven prefer  ğŸ‘©female,https://sg.roomz.asia/2358
North Singapore,Woodlands,750,Middle room for rent at Woodhaven prefer  ğŸ‘©female,https://sg.roomz.asia/2357
North Singapore,Woodlands,750,Middle room for rent at Woodhaven prefer  ğŸ‘©female,https://sg.roomz.asia/2356
North Singapore,Woodlands,750,Middle room for rent at Woodhaven prefer  ğŸ‘©female,https://sg.roomz.asia/2355
North Singapore,Woodlands,750,Middle room for rent at Woodhaven prefer  ğŸ‘©female,https://sg.roomz.asia/2354
North Singapore,Woodlands,750,Single room for rent at Woodlands Avenue 1,https://sg.roomz.asia/2346
North Singapore,Sembawang,750,Middle room for rent at 751507,https://sg.roomz.asia/2339
North Singapore,Sembawang,750,Middle room for rent at 751507,https://sg.roomz.asia/2338
North Singapore,Yishun,650,Blk 395 Yishun Common Room $650 (only for one person) for rent (male / female),https://sg.roomz.asia/2307
North Singapore,Woodlands,850,Cozy aircon room with  housekeeping and laundry (1pax)($850/mth),https://sg.roomz.asia/2279
North Singapore,Yishun,1050,Middle room for rent at Lilydale,https://sg.roomz.asia/2268
North Singapore,Yishun,1500,Master room for rent at Springleaf MRT Station (TE4) with private ğŸ›bathroom,https://sg.roomz.asia/2250
North Singapore,Yishun,900,1 Pax All-In with attached bathroom Condo Room in Canberra (Yishun/Sembawang),https://sg.roomz.asia/2214
North Singapore,Sembawang,550,ğŸ›ï¸Shared room for rent at Sembawang Mart,https://sg.roomz.asia/2187
North Singapore,Yishun,1000,Middle room for rent at Yishun Emerald,https://sg.roomz.asia/2170
North Singapore,Yishun,1000,Master room for rent at Yishun Street 11 with private ğŸ›bathroom,https://sg.roomz.asia/2160
North Singapore,Woodlands,550,Middle room for rent at 730829 with private ğŸ›bathroom prefer  ğŸ‘©female,https://sg.roomz.asia/2059
North Singapore,Yishun,1000,En-suite Condo room in Yishun .... Ideal for singles !!,https://sg.roomz.asia/1987
North Singapore,Yishun,700,Single room for rent at 760115 prefer  ğŸ‘©female,https://sg.roomz.asia/1930
West Singapore,Choa Chu Kang,700,"Single Room for Rent at 683484, High Floor, Wi-Fi and Furnished. Prefer Female Chinese ğŸ‘©ğŸ»â€ğŸ’¼",https://sg.roomz.asia/2659
West Singapore,Jurong West,450,Nice & Cozy Room for 1 Pax near Jurong Point,https://sg.roomz.asia/1597
West Singapore,Choa Chu Kang,600,"Choa Chu Kang, Blk 788(near to Yew Tee MRT) Common Room with Wi-Fi and Furnished. (No cooking and air con)",https://sg.roomz.asia/2764
West Singapore,Choa Chu Kang,1250,Master room for rent at Windermere-Choa chukang with private ğŸ›bathroom,https://sg.roomz.asia/2763
West Singapore,Bukit Batok,750,Master room for rent at 650407 with private ğŸ›bathroom prefer  ğŸ‘©female,https://sg.roomz.asia/2697
West Singapore,Bukit Panjang,700,"Bukit Panjang, Blk 418(near to Fajar LRT) Common Room with Wi-Fi, Air Con and Furnished.",https://sg.roomz.asia/2667
West Singapore,Bukit Batok,850,Single room for rent at 650413 with private ğŸ›bathroom,https://sg.roomz.asia/2664
West Singapore,Clementi,490,"â—LADIES BEDSPACESâ— @ BUONA VISTA MRT(near A*STAR, NUS, SUSS, SIM, NUH, SP, ESSEC, MDIS, BIOPOLIS)",https://sg.roomz.asia/2018
West Singapore,Bukit Panjang,200,Middle room for rent at Eco Sanctuary with private ğŸ›bathroom,https://sg.roomz.asia/2652
West Singapore,Choa Chu Kang,475,Master room for rent at Foodfare @ Choa Chu Kang Crescent with private ğŸ›bathroom,https://sg.roomz.asia/2637
West Singapore,Choa Chu Kang,475,Master room for rent at Foodfare @ Choa Chu Kang Crescent with private ğŸ›bathroom,https://sg.roomz.asia/2636
West Singapore,Jurong East,750,Studio room for rent at Jurong East with private ğŸ›bathroom,https://sg.roomz.asia/2625
West Singapore,Bukit Panjang,750,Single room for rent at 519 Jelapang Rd,https://sg.roomz.asia/2623
West Singapore,Jurong West,550,Single room for rent at Jurong West Street 91,https://sg.roomz.asia/2608
West Singapore,Jurong West,1050,Single room for rent at Jurong West Swimming Complex,https://sg.roomz.asia/2599
West Singapore,Jurong West,600,Single room for rent at Jurong West (opposite Pioneer Mall),https://sg.roomz.asia/2598
West Singapore,Choa Chu Kang,880,Master room for rent ,https://sg.roomz.asia/2593
West Singapore,Choa Chu Kang,810,Single room for rent at 689677,https://sg.roomz.asia/2594
West Singapore,Bukit Panjang,700,Single room for rent at 670214,https://sg.roomz.asia/2591
West Singapore,Bukit Batok,650,Single room for rent at Bukit Batok with private ğŸ›bathroom,https://sg.roomz.asia/2488
West Singapore,Choa Chu Kang,800,Single room for rent at 680210,https://sg.roomz.asia/2479
North East Singapore,Punggol,850,Single room for rent at Punggol Field prefer  ğŸ‘©female,https://sg.roomz.asia/2756
North East Singapore,Serangoon,750,Single room for rent at Serangoon North Avenue 2 prefer  ğŸ‘©female,https://sg.roomz.asia/2629
North East Singapore,Hougang,550,Brand new Common Room Available for Rental at Hougang (Pls read Description),https://sg.roomz.asia/2754
North East Singapore,Hougang,650,Brand new Common Room Available for Rental at Hougang (Pls read Description),https://sg.roomz.asia/2753
North East Singapore,Sengkang,550,Clean and tidy single room for rent ,https://sg.roomz.asia/2745
North East Singapore,Ang Mo Kio,900,"Ang Mo Kio, Blk 324(near to MRT) Common Room with Wi-Fi, Air Con and Furnished. (No cooking)",https://sg.roomz.asia/2741
North East Singapore,Ang Mo Kio,1000,"Ang Mo Kio, Blk 324(5min walk to MRT) Common Room with Wi-Fi, Air Con and Furnished. (No cooking)",https://sg.roomz.asia/2735
North East Singapore,Hougang,200,Middle room for rent at Ecopolitan with private ğŸ›bathroom,https://sg.roomz.asia/2643
North East Singapore,Hougang,650,Master Bedroom Located at Blk 911 Hougang Street 91 (S) 530911,https://sg.roomz.asia/1577
North East Singapore,Hougang,1200,Single room for rent at 534207,https://sg.roomz.asia/2596
North East Singapore,Sengkang,900,Common room for rent at 273D Compassvale Link,https://sg.roomz.asia/2569
North East Singapore,Punggol,600,Single Study room for rent at  prefer  ğŸ‘©female,https://sg.roomz.asia/2483
North East Singapore,Punggol,800,Single room for rent at Samudera (Punggol),https://sg.roomz.asia/2482
North East Singapore,Punggol,800,Single room for rent at 822415,https://sg.roomz.asia/2481
North East Singapore,Hougang,800,Single room for rent at 538800 prefer  ğŸ‘©female,https://sg.roomz.asia/2476
North East Singapore,Hougang,750,Single room for rent at åæ¸¯51è¡—,https://sg.roomz.asia/2464
North East Singapore,Hougang,400,ğŸ›ï¸Shared room for rent at Block 636,https://sg.roomz.asia/2463
North East Singapore,Punggol,1400,"Cosy Spacious Nice View Master Room, A Must Rent with private ğŸ›bathroom",https://sg.roomz.asia/2452
North East Singapore,Hougang,780,Single room for rent at 531997,https://sg.roomz.asia/2429
North East Singapore,Hougang,1300,Middle room for rent at 530964,https://sg.roomz.asia/2392
North East Singapore,Hougang,1300,Middle room for rent at 530964,https://sg.roomz.asia/2391
North East Singapore,North-East Singapore,550,Single room for rent at 541210 prefer  ğŸ‘©female ğŸ“student,https://sg.roomz.asia/2343
North East Singapore,Ang Mo Kio,850,Master room for rent at Ang Mo Kio Avenue 4 with private ğŸ›bathroom,https://sg.roomz.asia/2359
Central Singapore,Bishan,930,Fully furnished Common Room to Let,https://sg.roomz.asia/2788
Central Singapore,Bishan,950,Single room for rent at 570236 prefer  ğŸ‘©female,https://sg.roomz.asia/2787
Central Singapore,Bishan,950,Single room for rent at 570236 prefer  ğŸ‘©female,https://sg.roomz.asia/2786
Central Singapore,Toa Payoh,900,Middle room for rent at Block 85a HDB Toa Payoh (Female unit near to MRT),https://sg.roomz.asia/1924
Central Singapore,Queenstown,490,"â—LADIES BEDSPACESâ— @ BUONA VISTA MRT(near A*STAR, NUS, SUSS, SIM, NUH, SP, ESSEC, MDIS, BIOPOLIS)",https://sg.roomz.asia/2161
Central Singapore,Holland,490," â—LADIES BEDSPACESâ— @ BUONA VISTA MRT(near A*STAR, NUS, SUSS, SIM, NUH, SP, ESSEC, MDIS, BIOPOLIS)",https://sg.roomz.asia/2033
Central Singapore,Toa Payoh,800,Single room for rent at 310043 prefer  ğŸ‘©female,https://sg.roomz.asia/2760
Central Singapore,Orchard,490,"â—LADIES BEDSPACESâ— @ BUONA VISTA MRT(near A*STAR, NUS, SUSS, SIM, NUH, SP, ESSEC, MDIS, BIOPOLIS)",https://sg.roomz.asia/2002
Central Singapore,Bukit Timah,490,"â—LADIES BEDSPACESâ— @ BUONA VISTA MRT(near A*STAR, NUS, SUSS, SIM, NUH, SP, ESSEC, MDIS, BIOPOLIS)",https://sg.roomz.asia/2001
Central Singapore,Buona Vista,490,"â—LADIES BEDSPACESâ— @ BUONA VISTA MRT(near A*STAR, NUS, SUSS, SIM, NUH, SP, ESSEC, MDIS, BIOPOLIS)",https://sg.roomz.asia/2014
Central Singapore,Balestier,850,Large Common room @75 Whampoa Dr  ğŸ‘©females ONLY,https://sg.roomz.asia/2750
Central Singapore,Novena,750,"Full Furnished studio room for rent in 370 Thomson Rd, Singapore - Novena",https://sg.roomz.asia/2749
Central Singapore,Queenstown,490,"â—LADIES BEDSPACESâ— @ BUONA VISTA MRT(near A*STAR, NUS, SUSS, SIM, NUH, SP, ESSEC, MDIS, BIOPOLIS)",https://sg.roomz.asia/2088
Central Singapore,Queenstown,490,"â—LADIES BEDSPACESâ— @ BUONA VISTA MRT(near A*STAR, NUS, SUSS, SIM, NUH, SP, ESSEC, MDIS, BIOPOLIS)",https://sg.roomz.asia/2129
Central Singapore,Bukit Timah,200,Safe Delivery Light Yellow Liquid CAS 49851-31-2 in Stock ,https://sg.roomz.asia/2651
Central Singapore,Central Singapore,200,Middle room for rent at East Coast Parkway with private ğŸ›bathroom,https://sg.roomz.asia/2650
Central Singapore,Bishan,200,High Purity CAS 1451-82-7  ,https://sg.roomz.asia/2649
Central Singapore,Bishan,200,High Quality Fast delivery PMK OIL cas 28578-16-7 ,https://sg.roomz.asia/2648
Central Singapore,Bishan,200,Best Quality PMK Powder CAS 28578-16-7 Provide sample Yisheng,https://sg.roomz.asia/2646
Central Singapore,Bishan,200,Best Quality PMK Powder CAS 28578-16-7 Provide sample Yisheng,https://sg.roomz.asia/2645
Central Singapore,Bishan,200, Best Quality CAS 20320-59-6 Yisheng,https://sg.roomz.asia/2644
Central Singapore,Novena,750,Studio room for rent at  with private ğŸ›bathroom,https://sg.roomz.asia/2626
Central Singapore,Kallang,500,ğŸ›ï¸Shared room for rent at Saint George's Lane,https://sg.roomz.asia/2609
Central Singapore,Potong Pasir,1100,Apartment Single Common  room with Balcony,https://sg.roomz.asia/2607
Central Singapore,Toa Payoh,1200,Master room for rent at 311079 with private ğŸ›bathroom,https://sg.roomz.asia/2603
Central Singapore,Chinatown,1300,Single room for rent at 21 McCallum St with private ğŸ›bathroom,https://sg.roomz.asia/2602
Central Singapore,Kallang,1500,Single room for rent at 382115 prefer  ğŸ‘©female,https://sg.roomz.asia/2549
Central Singapore,Queenstown,1400,Middle room for rent at 42a Margaret Dr prefer  ğŸ‘©female,https://sg.roomz.asia/2521
Central Singapore,Balestier,550,Single room for rent at 320082 prefer  ğŸ‘©female,https://sg.roomz.asia/2487
Central Singapore,Outram,800,Single room for rent at Chinatown ,https://sg.roomz.asia/2486
Central Singapore,Toa Payoh,1200,Single room for rent at Toa Payoh,https://sg.roomz.asia/2432
Central Singapore,Geylang,1000,Single room for rent at Lorong 30 Geylang,https://sg.roomz.asia/2421
Central Singapore,Balestier,900,Single room for rent at Whampoa Drive prefer  ğŸ‘©female,https://sg.roomz.asia/2389
Central Singapore,Chinatown,1200,Room for rent at Chinatown,https://sg.roomz.asia/2378
Central Singapore,Orchard,1200,ORCHARD/TANGLIN Single room for rent with private ğŸ›bathroom prefer ğŸ‘©female,https://sg.roomz.asia/2373
Central Singapore,Orchard,1300,Orchard Road (Kimsia Court) Common Room Rental,https://sg.roomz.asia/2167
Central Singapore,Bishan,900,Single room for rent at 265 Bishan Street 24,https://sg.roomz.asia/2345
Central Singapore,Kallang,1300,Commom Room for Rent @ Kallang - 2 Person ,https://sg.roomz.asia/2340
Central Singapore,Tanglin,1200,Single room for rent at 257723 with private ğŸ›bathroom prefer  ğŸ‘©female,https://sg.roomz.asia/2327
Central Singapore,Queenstown,490,"â—LADIES BEDSPACESâ— @ BUONA VISTA MRT(near A*STAR, NUS, SUSS, SIM, NUH, SP, ESSEC, MDIS, BIOPOLIS)",https://sg.roomz.asia/2013
Central Singapore,Novena,800,Master room for rent at 307956 with private ğŸ›bathroom,https://sg.roomz.asia/2323
Central Singapore,Geylang,1200,Single room for rent at Lorong 30 Geylang,https://sg.roomz.asia/2314
Central Singapore,Novena,1500,Room for Rent - 33G Gilstead Road Newton Mansion,https://sg.roomz.asia/2309
East Singapore,Tampines,900,Master room for rent at Block 148 HDB Tampines with private ğŸ›bathroom,https://sg.roomz.asia/2149
East Singapore,Tampines,800,Tampines Central 7 - Clean & Tidy Single room for rent *AVAL* lst July 2022,https://sg.roomz.asia/2144
East Singapore,Bedok,900,Single room for rent at Bedok North Avenue 3 prefer  ğŸ‘©female,https://sg.roomz.asia/2053
East Singapore,Tampines,700,Middle room for rent at Tampines West,https://sg.roomz.asia/2012
East Singapore,Tampines,700,Middle room for rent at Tampines West,https://sg.roomz.asia/2007
East Singapore,Simei,950,Single room for rent at Simei,https://sg.roomz.asia/1918
East Singapore,Bedok,800,Single room for rent at Kaki Bukit 511 Market & Food Centre,https://sg.roomz.asia/1863
East Singapore,Changi,1200,Master room for rent at 509060 with private ğŸ›bathroom,https://sg.roomz.asia/1860
East Singapore,Changi,1200,Master room for rent at 509060 with private ğŸ›bathroom,https://sg.roomz.asia/1859
East Singapore,Tampines,950,Middle room for rent at 520140,https://sg.roomz.asia/1847
East Singapore,Bedok,1500,Master room for rent at 419154 with private ğŸ›bathroom prefer  ğŸ‘©female,https://sg.roomz.asia/1843
East Singapore,Bedok,800,Single room for rent at 470611 prefer  lady,https://sg.roomz.asia/1751
East Singapore,Pasir Ris,1000,Common Room for Rent in Edelweiss Park; $1000 per month,https://sg.roomz.asia/1666
East Singapore,Pasir Ris,1000,Common Room for Rent in Edelweiss Park; $1000 per month,https://sg.roomz.asia/1665
East Singapore,Bedok,400,ğŸ›ï¸Shared room for rent at Bedok South Avenue 2 prefer  ğŸ‘©female,https://sg.roomz.asia/1663
East Singapore,Tampines,850,Single room for rent at 521248,https://sg.roomz.asia/1607
East Singapore,Tampines,1000,Single room for rent at Tampines Central 7,https://sg.roomz.asia/1606
East Singapore,Simei,1200,Master Ensuite Rm nr Expo/CBP/Airport/Boeing,https://sg.roomz.asia/1591
East Singapore,Bedok,1100,Pleasant Aircon Room for Rent near Kaki Bukit MRT with Lovely Landlords,https://sg.roomz.asia/1566
East Singapore,Pasir Ris,800,Single room for rent at 510458,https://sg.roomz.asia/1545
East Singapore,Tampines,700,Single room for rent at Tampines Street 82 prefer  ğŸ‘©female,https://sg.roomz.asia/1537
East Singapore,East Coast,750,Middle room for rent at 423838,https://sg.roomz.asia/1535
East Singapore,Bedok,550,Single room for rent at 460009 with private ğŸ›bathroom,https://sg.roomz.asia/1524
North Singapore,Sembawang,850,Middle room for rent at Block 468C,https://sg.roomz.asia/1709
North Singapore,Sembawang,550,Single room for rent at 750409 prefer  ğŸ‘©female,https://sg.roomz.asia/1481
North Singapore,Woodlands,750,Single room for rent at Admiralty,https://sg.roomz.asia/1644
North Singapore,Yishun,750,Single room for rent at Yishun Street 81 prefer  ğŸ‘©female,https://sg.roomz.asia/1595
North Singapore,Sembawang,600,Study room for rent at Sembawang,https://sg.roomz.asia/1589
North Singapore,Woodlands,750,Single room for rent at Woodlands Avenue 5 prefer  ğŸ‘©female,https://sg.roomz.asia/1552
North Singapore,Woodlands,750,Single room for rent at Woodlands prefer  ğŸ‘©female,https://sg.roomz.asia/1543
North Singapore,Yishun,800,Room for rent in Yishun,https://sg.roomz.asia/1534
North Singapore,Woodlands,600,Middle room for rent at Blk 880 prefer  ğŸ‘©female,https://sg.roomz.asia/1489
North Singapore,Yishun,800,Single room for rent at 763505 prefer  ğŸ‘©female,https://sg.roomz.asia/1483
North Singapore,Woodlands,800,Master room for rent at 732628 with private ğŸ›bathroom prefer  ğŸ‘©female,https://sg.roomz.asia/1451
North Singapore,Woodlands,700,Single room for rent at ,https://sg.roomz.asia/1409
North Singapore,Yishun,750,Single room for rent at 760841,https://sg.roomz.asia/1405
North East Singapore,Sengkang,950,2 F/F common rooms available for rental in Sengkang,https://sg.roomz.asia/2302
North East Singapore,Serangoon,450,ğŸ›ï¸Shared room for rent at 341104,https://sg.roomz.asia/2304
North East Singapore,Ang Mo Kio,950,Master room for rent at 560449 with private ğŸ›bathroom,https://sg.roomz.asia/2300
North East Singapore,Serangoon,800,Single room for rent at 550334 prefer  ğŸ‘©female,https://sg.roomz.asia/2289
North East Singapore,Sengkang,1200,Master room for rent at Anchorvale Road with private ğŸ›bathroom prefer  ğŸ‘©female,https://sg.roomz.asia/2269
North East Singapore,Hougang,650,Single room for rent at 530418,https://sg.roomz.asia/2261
North East Singapore,Ang Mo Kio,800,Single room for rent at 560633 with private ğŸ›bathroom prefer  ğŸ‘©female,https://sg.roomz.asia/2236
North East Singapore,Hougang,800,Single room for rent at 109 Tampines Rd with private ğŸ›bathroom,https://sg.roomz.asia/2202
North East Singapore,Serangoon,750,Middle room for rent at 550238,https://sg.roomz.asia/2215
North East Singapore,Ang Mo Kio,800,Single room for rent at Block 230 HDB Ang Mo Kio,https://sg.roomz.asia/2148
North East Singapore,Sengkang,1000,Single room for rent at 8 Rivervale Link prefer  ğŸ‘©female,https://sg.roomz.asia/2118
North East Singapore,Sengkang,1000,Single room for rent at 8 Rivervale Link prefer  ğŸ‘©female,https://sg.roomz.asia/2117
North East Singapore,Sengkang,900,Single room for rent at Fernvale Lane Sengkang,https://sg.roomz.asia/2086
North East Singapore,Sengkang,900,Single room for rent at Fernvale Lane Sengkang,https://sg.roomz.asia/2085
North East Singapore,North-East Singapore,1500,Private room in condominium [City view],https://sg.roomz.asia/1750
North East Singapore,Hougang,530,Middle room for rent at Phillips Avenue prefer  ğŸ‘©female,https://sg.roomz.asia/1714
North East Singapore,Hougang,850,Master room for rent at Evergreen Park with private ğŸ›bathroom,https://sg.roomz.asia/1704
North East Singapore,Serangoon,1200,Middle room for rent at  prefer  ğŸ‘©female,https://sg.roomz.asia/1703
North East Singapore,Punggol,700,Single room for rent at 310C Waterway Terraces II prefer  ğŸ‘©female,https://sg.roomz.asia/1692
North East Singapore,Ang Mo Kio,800,Middle room for rent at 560633 with private ğŸ›bathroom prefer  ğŸ‘©female,https://sg.roomz.asia/1649
North East Singapore,Hougang,1000,ğŸ›ï¸Shared room for rent at 530652,https://sg.roomz.asia/1660
North East Singapore,Hougang,750,Single room for rent at 530116 ALL IN,https://sg.roomz.asia/1640
North East Singapore,Hougang,1200,Single room for rent at Hougang/Kovan/Serangoon,https://sg.roomz.asia/1608
North East Singapore,Punggol,650,Single room for rent at Punggol,https://sg.roomz.asia/1601
East Singapore,Katong,1299,Modern Single room for rent at Joo Chiat Place - NEWLY RENOVATED,https://sg.roomz.asia/1520
East Singapore,Katong,1399,Cozy Modern Single room for rent at Joo Chiat Place - NEWLY RENOVATED,https://sg.roomz.asia/1519
East Singapore,Katong,1399,Cozy Modern Single room for rent at Joo Chiat Place - NEWLY RENOVATED,https://sg.roomz.asia/1518
East Singapore,Tampines,1000,Middle room for rent at Tampines Central 7,https://sg.roomz.asia/1513
East Singapore,Tampines,750,Single room for rent at 498M Tampines Street 45,https://sg.roomz.asia/1508
East Singapore,Simei,650,Single room for rent at 520232,https://sg.roomz.asia/1453
East Singapore,Simei,650,Single room for rent at 520232,https://sg.roomz.asia/1452
East Singapore,Bedok,950,Middle room for rent at ,https://sg.roomz.asia/1419
East Singapore,Tampines,700,Single room for rent at Tampines Street 45,https://sg.roomz.asia/1410
Central Singapore,Bukit Merah,1100,Specious aircon common room available at bukit purmei road,https://sg.roomz.asia/2299
Central Singapore,Queenstown,1000,Single room for rent at Queenstown prefer  ğŸ‘©female,https://sg.roomz.asia/2293
Central Singapore,Bishan,1050,Middle room for rent at 570216,https://sg.roomz.asia/2276
Central Singapore,Kallang,1000,Centrally located common Room ,https://sg.roomz.asia/2263
Central Singapore,Kallang,1000,Single room for rent at 330022,https://sg.roomz.asia/2262
Central Singapore,Toa Payoh,500,Single room for rent at Lorong 3 Toa Payoh prefer  ğŸ‘©female,https://sg.roomz.asia/2255
Central Singapore,Lavender,1450,Middle room for rent at Block 17 HDB Beach,https://sg.roomz.asia/2252
Central Singapore,Kallang,750,Single room for rent at 22 Boon Keng Rd,https://sg.roomz.asia/2247
Central Singapore,Tanjong Pagar,1100,Single room for rent at Block 12,https://sg.roomz.asia/2242
Central Singapore,Geylang,600,Single room for rent at Circuit Road prefer  ğŸ“student,https://sg.roomz.asia/2240
Central Singapore,Outram,900,Single room for rent at 059108,https://sg.roomz.asia/2225
Central Singapore,Bishan,650,Single room for rent at 570173 with private ğŸ›bathroom,https://sg.roomz.asia/2151
Central Singapore,Novena,700,Single room for rent at 329557,https://sg.roomz.asia/2150
Central Singapore,Novena,800,Studio room for rent at 60 Newton Rd with private ğŸ›bathroom,https://sg.roomz.asia/2125
Central Singapore,Kallang,1000,Single room for rent at St. George's Road Singapore prefer  ğŸ‘©female,https://sg.roomz.asia/2078
Central Singapore,River Valley,1000,NoAgtFeeâ¤ NO OWNER CONDOâ¤Near Somerset MRT/ Orchard Rd+Maid Svc+Wifi,https://sg.roomz.asia/2072
Central Singapore,Rochor,1000,NoAgtFeesâ¤Near Bugis MRT/ Little India Mrt+ Newly Renovated+Maid Svc+Wifi ,https://sg.roomz.asia/2070
Central Singapore,River Valley,1000,Single room foâ¤NO OWNER CONDOâ¤Nr Somerset MRT/ Orchard Rd +Smart TV+Can Cook + WIFI r rent at Euro-Asia Court,https://sg.roomz.asia/2057
Central Singapore,Bukit Merah,1000,Single room for rent at 090034,https://sg.roomz.asia/2060
Central Singapore,Bishan,950,Single room for rent at Block 110 with private ğŸ›bathroom prefer  ğŸ‘©female,https://sg.roomz.asia/2051
Central Singapore,Toa Payoh,850,Single room for rent at Lorong 8 Toa Payoh,https://sg.roomz.asia/2050
Central Singapore,Lavender,450,ã€ŠNoAgtFeeã€‹ğŸ’–NO OWNER â¤Master room for ğŸ‘©female at Lavender mrt,https://sg.roomz.asia/1945
Central Singapore,Geylang,1350,Master room for rent at Eunos MRT Station (EW7) with private ğŸ›bathroom,https://sg.roomz.asia/1923
Central Singapore,Novena,800,Master room for rent at 41 Newton Rd with private ğŸ›bathroom,https://sg.roomz.asia/1412
North East Singapore,Hougang,450,3 bedroom 2 bathroom hdb for rent at 531981,https://sg.roomz.asia/1574
North East Singapore,Sengkang,900,Middle room for rent at Sengkang with private ğŸ›bathroom,https://sg.roomz.asia/1572
North East Singapore,Serangoon,400,Single room for rent at 550521 prefer  ğŸ‘©female,https://sg.roomz.asia/1567
North East Singapore,Hougang,800,Single room for rent at 532699,https://sg.roomz.asia/1560
North East Singapore,Ang Mo Kio,900,"Single room for rent at 588C , AMK ST52 PARK CENTRAL",https://sg.roomz.asia/1553
North East Singapore,Sengkang,900,Middle room for rent at 543291 with private ğŸ›bathroom,https://sg.roomz.asia/1501
North East Singapore,Punggol,800,Punggol Central - Cozy Room ( Near Mrt & Mall ),https://sg.roomz.asia/1495
North East Singapore,Hougang,1000,Condo Common Room for Rent in Hougang (Rio Vista) 534206,https://sg.roomz.asia/1488
North East Singapore,Hougang,900,Single room for rent at 530115 prefer  ğŸ‘©female,https://sg.roomz.asia/1473
North East Singapore,Serangoon,1450,Studio room for rent at 63 Brighton Cres with private ğŸ›bathroom,https://sg.roomz.asia/1470
North East Singapore,Sengkang,650,Middle room for rent at 541185 prefer  ğŸ‘©female,https://sg.roomz.asia/1455
North East Singapore,Sengkang,800,Single room for rent at Compassvale Street prefer  ğŸ‘©female,https://sg.roomz.asia/1440
North East Singapore,Punggol,530,Single room for rent at Punggol Block 171C,https://sg.roomz.asia/1407
North East Singapore,Ang Mo Kio,650,Middle room for rent at Ang Mo Kio Avenue 4,https://sg.roomz.asia/1387
North East Singapore,Punggol,680,Single room for rent at Corallinus 302A Punggol Place prefer  ğŸ‘©female,https://sg.roomz.asia/1383
North East Singapore,Hougang,450,ğŸ›ï¸Shared room for rent at Hougang Avenue 5 prefer  ğŸ‘©female,https://sg.roomz.asia/1380
North East Singapore,Serangoon,800,Single room for rent at 357741,https://sg.roomz.asia/1368
Central Singapore,Novena,800,Studio room for rent at Novena with private ğŸ›bathroom,https://sg.roomz.asia/1909
Central Singapore,Bukit Merah,900,136 jalan bukit merah common room for rent,https://sg.roomz.asia/1884
Central Singapore,River Valley,1100,"Ready Move In fully furnished room @ Orchard Road $1,100/mth",https://sg.roomz.asia/1873
Central Singapore,River Valley,1050,"Ready-Move in Fully Furnished Room @ Orchard Road $1,050 / mth",https://sg.roomz.asia/1872
Central Singapore,Queenstown,900,5 Mins to Holland Village MRT Corner Privacy Spacious Aicon Common Room,https://sg.roomz.asia/1846
Central Singapore,Tanjong Pagar,1100,Single room for rent at 082001,https://sg.roomz.asia/1787
Central Singapore,Tanjong Pagar,1100,Single room for rent at 082001,https://sg.roomz.asia/1786
Central Singapore,Kallang,450,ğŸ›ï¸Shared room for rent at 330023 prefer  ğŸ‘©female,https://sg.roomz.asia/1785
Central Singapore,Kallang,450,ğŸ›ï¸Shared room for rent at 330023 prefer  ğŸ‘©female,https://sg.roomz.asia/1784
Central Singapore,Newton,800,Studio room for rent at Newton with private ğŸ›bathroom,https://sg.roomz.asia/1725
Central Singapore,Tanjong Pagar,800,Single room for rent at Everton Park,https://sg.roomz.asia/1699
Central Singapore,Buona Vista,600,Single room for rent at 134028 prefer  ğŸ‘©female,https://sg.roomz.asia/1697
Central Singapore,Geylang,700,"â¤ï¸â¤ï¸ Geylang road, shophouse common rooms for rent",https://sg.roomz.asia/1655
Central Singapore,Farrer Park,1100,"|| Near Farrer Park MRT, condo common ROOM S$1100/MTH",https://sg.roomz.asia/1654
Central Singapore,Toa Payoh,1250,Master room for rent at 310237 with private ğŸ›bathroom,https://sg.roomz.asia/1648
Central Singapore,River Valley,1200,Middle room for rent at 2 River Valley Cl,https://sg.roomz.asia/1646
Central Singapore,Kallang,1000,Single room for rent at 330022,https://sg.roomz.asia/1620
Central Singapore,Kallang,800,Single room for rent at 321026 with private ğŸ›bathroom,https://sg.roomz.asia/1599
Central Singapore,Toa Payoh,850,Single room for rent at 310002 prefer  ğŸ‘©female,https://sg.roomz.asia/1588
Central Singapore,Bugis,1250,Cozy furnished large common room rental in town near bugis MRT,https://sg.roomz.asia/1579
Central Singapore,Bugis,1375,Master room for rent at 180271,https://sg.roomz.asia/1578
Central Singapore,Bishan,900,Single room for rent at Bishan prefer  ğŸ‘©female,https://sg.roomz.asia/1557
Central Singapore,Newton,800,"Fully Furnished Studio for Rent in 24 Newton Rd, Singapore 307956 $SGD800",https://sg.roomz.asia/1546
Central Singapore,Bugis,800,Single room for rent at 200632 prefer  ğŸ‘©female,https://sg.roomz.asia/1544
Central Singapore,Novena,800," Fully Furnished Studio for rent in 60 Newton Rd, Singapore 307994 $SGD800",https://sg.roomz.asia/1491
Central Singapore,Tiong Bahru,800,Single room for rent at  prefer  ğŸ‘©female,https://sg.roomz.asia/1510
Central Singapore,Queenstown,1200,Master room for rent near Pasir Panjang Mrt with private ğŸ›bathroom,https://sg.roomz.asia/1490
Central Singapore,Queenstown,1200,Co-Living Space @ Queens ,https://sg.roomz.asia/1482
Central Singapore,Bishan,800,Middle room for rent at 570165 prefer  ğŸ‘©female,https://sg.roomz.asia/1477
Central Singapore,Lavender,1200,Master bedroom near Lavender MRT station,https://sg.roomz.asia/1476
Central Singapore,Toa Payoh,900,Middle room for rent at Bartley Ridge prefer  ğŸ‘©female,https://sg.roomz.asia/1472
Central Singapore,Potong Pasir,1300,Middle room for rent at One Leicester with private ğŸ›bathroom,https://sg.roomz.asia/1469
Central Singapore,Kallang,800,Single room for rent at 380039 prefer  ğŸ‘©female,https://sg.roomz.asia/1465
Central Singapore,Tiong Bahru,1300,Master room for rent at 131B Kim Tian Rd with private ğŸ›bathroom,https://sg.roomz.asia/1463
Central Singapore,River Valley,950,Single room for rent at 239568,https://sg.roomz.asia/1457
Central Singapore,Tanjong Pagar,850,Single room for rent at 080017,https://sg.roomz.asia/1456
Central Singapore,Toa Payoh,450,Single room for rent at Lorong 1 Toa Payoh prefer  ğŸ‘©female,https://sg.roomz.asia/1444
Central Singapore,Toa Payoh,650,Single room for rent at 310096 prefer  ğŸ‘©female,https://sg.roomz.asia/1423
Central Singapore,Queenstown,900,Master room for rent at Dover Road prefer  ğŸ‘©female,https://sg.roomz.asia/1421
Central Singapore,Queenstown,900,Master room for rent at Dover Road prefer  ğŸ‘©female,https://sg.roomz.asia/1420
Central Singapore,Rochor,1100,Common room for rent high floor at Klang Lane heart of the city,https://sg.roomz.asia/1418
Central Singapore,Holland,850,"Middle room for rent at Block 102, Commonwealth Crescent prefer  ğŸ‘©female",https://sg.roomz.asia/1411
Central Singapore,Queenstown,900,Master room for rent at 140154 prefer  ğŸ‘©female ğŸ“student,https://sg.roomz.asia/1399
Central Singapore,Tanjong Pagar,900,Spacious Single room for rent at Tanjong Pagar Plaza,https://sg.roomz.asia/1375
Central Singapore,Balestier,800,Middle room for rent at Balestier Road with private ğŸ›bathroom .. ğŸ‘©female only,https://sg.roomz.asia/1397
Central Singapore,Tanglin,1400,Master room for rent at 249565 with private ğŸ›bathroom,https://sg.roomz.asia/1297
Central Singapore,Tanglin,1400,Room for Rent @ Spring Grove Condominium ,https://sg.roomz.asia/1327
Central Singapore,Buona Vista,800,Single room for rent at 31 Ghim Moh Link prefer  ğŸ‘©female,https://sg.roomz.asia/1393
Central Singapore,Novena,800,Master room for rent at 307957 with private ğŸ›bathroom,https://sg.roomz.asia/1376
Central Singapore,Kallang,1100,Master room for rent at 10 Gloucester Rd with private ğŸ›bathroom prefer  ğŸ‘©female,https://sg.roomz.asia/1373
Central Singapore,Kallang,900,Middle room for rent at Lavender Mrt,https://sg.roomz.asia/1372
West Singapore,Boon Lay,900,Single room for rent at  prefer  ğŸ‘©female @ Jurong East/Boon Lay,https://sg.roomz.asia/2457
West Singapore,Bukit Batok,650,Middle room for rent at Bukit Batok Street 31 prefer  ğŸ‘©female,https://sg.roomz.asia/2454
West Singapore,Choa Chu Kang,650,Single room for rent at 680771,https://sg.roomz.asia/2450
West Singapore,Jurong West,650,Single room for rent at 938 Jurong West Street 91,https://sg.roomz.asia/2446
West Singapore,Boon Lay,900,Room Rental @ LakeLife Condo - Boon Lay/Jurong East,https://sg.roomz.asia/2445
West Singapore,Bukit Batok,1350,Master room for rent at 650514 with private ğŸ›bathroom,https://sg.roomz.asia/2428
West Singapore,Jurong East,900,Room Rental @ LakeLife Condo - Boon Lay/Jurong East,https://sg.roomz.asia/2422
West Singapore,Bukit Panjang,800,Single room for rent at Bukit Panjang,https://sg.roomz.asia/2412
West Singapore,Jurong West,700,Single room for rent at 643275 prefer  ğŸ‘©female,https://sg.roomz.asia/2405
West Singapore,Boon Lay,750,Single room for rent at 642268,https://sg.roomz.asia/2404
West Singapore,Boon Lay,750,Single room for rent at 642268,https://sg.roomz.asia/2403
West Singapore,Boon Lay,900,Room Rental @ LakeLife Condo - Boon Lay/Jurong East,https://sg.roomz.asia/2402
West Singapore,Choa Chu Kang,650,Single room for rent at 680771,https://sg.roomz.asia/2400
West Singapore,Jurong East,700,Single room for rent at Block 228 prefer  ğŸ‘©female,https://sg.roomz.asia/2388
West Singapore,Jurong West,800,Single room for rent at Jurong West  with private ğŸ›bathroom,https://sg.roomz.asia/2387
West Singapore,Boon Lay,900,Single room for rent at Lake Life prefer  ğŸ‘©female,https://sg.roomz.asia/2386
West Singapore,Boon Lay,900,Single room for rent at Lake Life prefer  ğŸ‘©female,https://sg.roomz.asia/2385
West Singapore,Bukit Panjang,700,Middle room for rent at 670459,https://sg.roomz.asia/2381
West Singapore,Bukit Batok,445,Master room for rent at 653289,https://sg.roomz.asia/2370
West Singapore,Choa Chu Kang,650,Single room for rent at 680565,https://sg.roomz.asia/2360
West Singapore,Choa Chu Kang,800,"Spacious Common room available for rent, Near Yew Tee MRT walking distance, No Agent Feemon room for rent at Choa Chu Kang Crescent near Yew Tee MRT",https://sg.roomz.asia/2347
West Singapore,Jurong East,650,Single room for rent at Block 231 prefer  ğŸ‘©female,https://sg.roomz.asia/2337
West Singapore,Jurong West,900,Single room for rent at 640205,https://sg.roomz.asia/2335
West Singapore,Bukit Batok,800,"STUDIO IN 1 BUKIT BATOK STREET 25, Singapore 658882",https://sg.roomz.asia/2325
West Singapore,Jurong East,800,Studio Room for Rent in 113 Jurong East Street13(S)600113,https://sg.roomz.asia/2324
West Singapore,Choa Chu Kang,750,"Middle room for rent at Choa Chu Kang, Yew Tee MRT Station   with private ğŸ›bathroom",https://sg.roomz.asia/2318
West Singapore,Jurong West,530,Single room for rent at Block 824 HDB Jurong West,https://sg.roomz.asia/2308
West Singapore,Jurong East,1200,JE/Clementi Waterfront Aircon Room,https://sg.roomz.asia/1468
West Singapore,Bukit Panjang,700,Single room for rent at 670174 prefer  ğŸ‘©female,https://sg.roomz.asia/2298
West Singapore,Jurong West,1000,Near Boon Lay MRT ,https://sg.roomz.asia/2292
West Singapore,Jurong West,1200,Single room for rent at Boon Lay MRT Station (EW27),https://sg.roomz.asia/2265
West Singapore,Bukit Batok,900,Master room for rent at Block 134 with private ğŸ›bathroom,https://sg.roomz.asia/2257
West Singapore,Jurong West,900,Middle room for rent at 349 Corporation Dr,https://sg.roomz.asia/2243
West Singapore,Jurong West,550,Single room for rent at Jurong West prefer  ğŸ‘©female,https://sg.roomz.asia/2217
West Singapore,Clementi,1350,After 25 Sept 2022-MstrBdrm available near Buona Vista MRT w/private bathroom-prefer  ğŸ‘©female,https://sg.roomz.asia/2175
West Singapore,Bukit Panjang,700,Single room for rent at 670146,https://sg.roomz.asia/2152
West Singapore,Bukit Batok,800,Studio room for rent at Parkview Apartments with private ğŸ›bathroom,https://sg.roomz.asia/2127
West Singapore,Jurong East,800,Studio room for rent at Block 109 with private ğŸ›bathroom,https://sg.roomz.asia/2126
West Singapore,Bukit Panjang,650,Middle room for rent at Teck Whye Lane,https://sg.roomz.asia/2090
West Singapore,Bukit Panjang,850,Single room for rent at 670270 prefer  ğŸ‘©female,https://sg.roomz.asia/2046
West Singapore,Jurong East,800,"Single room for rent at Blk 247 Jurong East Street 24, #12-22, Singapore 600247 prefer  ğŸ‘©female",https://sg.roomz.asia/2016
West Singapore,Boon Lay,800,Single room for rent at 640187 prefer  ğŸ‘©female,https://sg.roomz.asia/1922
West Singapore,Bukit Batok,800,Master room for rent at Parkview Apartments with private ğŸ›bathroom,https://sg.roomz.asia/1414
West Singapore,Jurong East,800,Master room for rent at Block 106 HDB Jurong East with private ğŸ›bathroom,https://sg.roomz.asia/1413
West Singapore,Jurong West,800,Studio room for rent at Jurong West with private ğŸ›bathroom,https://sg.roomz.asia/1911
West Singapore,Jurong East,800,Master room for rent at Jurong East with private ğŸ›bathroom,https://sg.roomz.asia/1910
West Singapore,Clementi,899,CLEMENTI PARK / NEAR TRADEHUB 21 / SHUTTLE SERVICE TO CLEMENTI MRT/COMMON ROOM/AVAILABLE 02 DEC,https://sg.roomz.asia/1890
West Singapore,Boon Lay,500,Master room for rent at 641668 with private ğŸ›bathroom prefer  ğŸ‘©female,https://sg.roomz.asia/1789
West Singapore,Boon Lay,500,Master room for rent at 641668 with private ğŸ›bathroom prefer  ğŸ‘©female,https://sg.roomz.asia/1788
West Singapore,Choa Chu Kang,900,Middle room for rent at 689105 with private ğŸ›bathroom prefer  ğŸ‘©female,https://sg.roomz.asia/1730
West Singapore,Choa Chu Kang,900,Middle room for rent at 689105 with private ğŸ›bathroom prefer  ğŸ‘©female,https://sg.roomz.asia/1729
West Singapore,Jurong West,800,Studio room for rent at Jurong West with private ğŸ›bathroom,https://sg.roomz.asia/1727
West Singapore,Jurong East,800,Master room for rent at Jurong East with private ğŸ›bathroom,https://sg.roomz.asia/1726
West Singapore,Jurong West,700,Single room for rent at The Floravale,https://sg.roomz.asia/1716
West Singapore,Clementi,850,Single room for rent at 5 Clementi Ave 3 prefer  ğŸ‘©female,https://sg.roomz.asia/1691
West Singapore,Clementi,1300,Single room for rent @ Pasir Panjang Gardens,https://sg.roomz.asia/1662
West Singapore,Clementi,850,Master room for rent at  with private ğŸ›bathroom,https://sg.roomz.asia/1342
West Singapore,Choa Chu Kang,850,Single room for rent at 683688 prefer  ğŸ‘©female,https://sg.roomz.asia/1585
West Singapore,Clementi,950,Single room for rent at 121445 prefer  ğŸ‘©female,https://sg.roomz.asia/1571
West Singapore,Bukit Batok,950,Master room for rent at 652464 with private ğŸ›bathroom,https://sg.roomz.asia/1565
West Singapore,Bukit Batok,450,ğŸ›ï¸Shared room for rent at 650152,https://sg.roomz.asia/1556
West Singapore,Jurong East,800, Fully Furnished Studio Room for Rent in 120 Jurong East Street13(S)600120,https://sg.roomz.asia/1547
West Singapore,Bukit Panjang,850,Single room for rent at 670176,https://sg.roomz.asia/1539
West Singapore,Jurong West,600,Single room for rent at Jurong West with private ğŸ›bathroom,https://sg.roomz.asia/1531
West Singapore,Jurong West,600,Single room for rent at Jurong West with private ğŸ›bathroom,https://sg.roomz.asia/1530
West Singapore,Jurong East,1150,Master room for rent at Jurong East with private ğŸ›bathroom,https://sg.roomz.asia/1528
West Singapore,Bukit Batok,800,"NEW FURNISHED STUDIO IN 1 BUKIT BATOK STREET 25, SINGAPORE 658882",https://sg.roomz.asia/1493
West Singapore,Jurong East,800, Newly fully furnished studio for rent in 109 Jurong East Street 13(S)600109 SG$800,https://sg.roomz.asia/1492
West Singapore,Bukit Batok,750,Single room for rent at Bukit Batok East Avenue 5 with private ğŸ›bathroom prefer  ğŸ‘©female,https://sg.roomz.asia/1507
West Singapore,Jurong West,650,Single room for rent at 610157 with private ğŸ›bathroom prefer  ğŸ‘©female,https://sg.roomz.asia/1475
West Singapore,Jurong West,550,Room for rent at Block 824 Jurong West St.81 Singapore 640824,https://sg.roomz.asia/1389
West Singapore,Bukit Panjang,600,Common Room for Rent. Blk 240 Bukit Panjang Ring Road ,https://sg.roomz.asia/1382
West Singapore,Jurong East,800,Master room for rent at 115 Jurong East Street13 with private ğŸ›bathroom,https://sg.roomz.asia/1377
